<application>
  <component name="FileTypeManager" version="17">
    <extensionMap>
      <mapping ext="swig" type="HTML" />
      <mapping ext="wxml" type="HTML" />
      <mapping ext="java" type="JSX Harmony" />
      <mapping pattern="timer" type="JavaScript" />
      <mapping ext="wxss" type="Less" />
      <mapping pattern="bcd" type="PLAIN_TEXT" />
      <mapping pattern="function.stylus" type="PLAIN_TEXT" />
      <mapping pattern="Dockerfile1" type="PLAIN_TEXT" />
      <mapping ext="woff" type="PLAIN_TEXT" />
      <mapping ext="bin" type="PLAIN_TEXT" />
      <mapping ext="php" type="PLAIN_TEXT" />
      <mapping ext="eot" type="PLAIN_TEXT" />
      <mapping ext="ttf" type="PLAIN_TEXT" />
      <removed_mapping pattern="wxml" approved="true" type="HTML" />
    </extensionMap>
  </component>
</application>