<application>
  <component name="ApplicationTasksOptions">
    <TaskOptions isEnabled="true">
      <option name="arguments" value="$FilePathRelativeToProjectRoot$ --out-dir dist --source-maps --presets env" />
      <option name="checkSyntaxErrors" value="true" />
      <option name="description" />
      <option name="exitCodeBehavior" value="ERROR" />
      <option name="fileExtension" value="js" />
      <option name="immediateSync" value="true" />
      <option name="name" value="Babel" />
      <option name="output" value="dist\$FileDirRelativeToProjectRoot$\$FileNameWithoutExtension$.js:dist\$FileDirRelativeToProjectRoot$\$FileNameWithoutExtension$.js.map" />
      <option name="outputFilters">
        <array />
      </option>
      <option name="outputFromStdout" value="false" />
      <option name="program" value="" />
      <option name="runOnExternalChanges" value="true" />
      <option name="scopeName" value="Project Files" />
      <option name="trackOnlyRoot" value="false" />
      <option name="workingDir" value="$ContentRoot$" />
      <envs />
    </TaskOptions>
    <TaskOptions isEnabled="true">
      <option name="arguments" value="$FileName$" />
      <option name="checkSyntaxErrors" value="true" />
      <option name="description" />
      <option name="exitCodeBehavior" value="ERROR" />
      <option name="fileExtension" value="styl" />
      <option name="immediateSync" value="true" />
      <option name="name" value="Stylus" />
      <option name="output" value="$FileNameWithoutExtension$.css" />
      <option name="outputFilters">
        <array />
      </option>
      <option name="outputFromStdout" value="false" />
      <option name="program" value="" />
      <option name="runOnExternalChanges" value="true" />
      <option name="scopeName" value="Project Files" />
      <option name="trackOnlyRoot" value="true" />
      <option name="workingDir" value="$FileDir$" />
      <envs />
    </TaskOptions>
    <TaskOptions isEnabled="true">
      <option name="arguments" value="$FileName$ $FileNameWithoutExtension$.css --source-map" />
      <option name="checkSyntaxErrors" value="true" />
      <option name="description" />
      <option name="exitCodeBehavior" value="ERROR" />
      <option name="fileExtension" value="less" />
      <option name="immediateSync" value="true" />
      <option name="name" value="Less" />
      <option name="output" value="$FileNameWithoutExtension$.css:$FileNameWithoutExtension$.css.map" />
      <option name="outputFilters">
        <array>
          <FilterInfo>
            <option name="description" value="" />
            <option name="name" value="" />
            <option name="regExp" value="$MESSAGE$\Q in \E$FILE_PATH$\Q on line \E$LINE$\Q, column \E$COLUMN$" />
          </FilterInfo>
        </array>
      </option>
      <option name="outputFromStdout" value="false" />
      <option name="program" value="$USER_HOME$/Desktop/Project-work/3midai/suipian-website/less/LICENSE" />
      <option name="runOnExternalChanges" value="true" />
      <option name="scopeName" value="Project Files" />
      <option name="trackOnlyRoot" value="true" />
      <option name="workingDir" value="$FileDir$" />
      <envs />
    </TaskOptions>
    <TaskOptions isEnabled="true">
      <option name="arguments" value="$FileName$:$FileNameWithoutExtension$.css" />
      <option name="checkSyntaxErrors" value="true" />
      <option name="description" />
      <option name="exitCodeBehavior" value="ERROR" />
      <option name="fileExtension" value="scss" />
      <option name="immediateSync" value="true" />
      <option name="name" value="SCSS" />
      <option name="output" value="$FileNameWithoutExtension$.css:$FileNameWithoutExtension$.css.map" />
      <option name="outputFilters">
        <array />
      </option>
      <option name="outputFromStdout" value="false" />
      <option name="program" value="sass" />
      <option name="runOnExternalChanges" value="true" />
      <option name="scopeName" value="Project Files" />
      <option name="trackOnlyRoot" value="true" />
      <option name="workingDir" value="$FileDir$" />
      <envs />
    </TaskOptions>
  </component>
</application>