<application>
  <component name="com.github.passerr.idea.plugins.database.generator.config.GeneratorTemplateStateComponent">
    <templates>
      <list>
        <TemplatePo>
          <option name="detail">
            <DetailPo>
              <option name="controller" value="package ${controller.packageName};&#10;&#10;import io.swagger.annotations.Api;&#10;import io.swagger.annotations.ApiOperation;&#10;import io.swagger.annotations.ApiParam;&#10;import lombok.AccessLevel;&#10;import lombok.RequiredArgsConstructor;&#10;import lombok.experimental.FieldDefaults;&#10;import org.springframework.web.bind.annotation.DeleteMapping;&#10;import org.springframework.web.bind.annotation.PathVariable;&#10;import org.springframework.web.bind.annotation.PostMapping;&#10;import org.springframework.web.bind.annotation.PutMapping;&#10;import org.springframework.web.bind.annotation.RequestBody;&#10;import org.springframework.web.bind.annotation.RequestMapping;&#10;import org.springframework.web.bind.annotation.RestController;&#10;${controller.imports}&#10;&#10;/**&#10; * ${entity.desc}rest接口&#10; * @author $author&#10; * @date $date&#10; */&#10;@RequestMapping(&quot;/${entity.kebabName}&quot;)&#10;@RestController&#10;@FieldDefaults(level = AccessLevel.PRIVATE, makeFinal = true)&#10;@RequiredArgsConstructor&#10;@Api(tags = &quot;${entity.desc}管理&quot;)&#10;public class ${controller.className} {&#10;    ${service.className} ${service.fieldName};&#10;    &#10;    @PostMapping&#10;    @ApiOperation(&quot;${entity.desc}添加&quot;)&#10;    public Boolean add(@RequestBody ${entity.className} ${entity.fieldName}) {&#10;        return this.${service.fieldName}.save(${entity.fieldName});&#10;    }&#10;&#10;    @PutMapping&#10;    @ApiOperation(&quot;${entity.desc}修改&quot;)&#10;    public Boolean update(@RequestBody ${entity.className} ${entity.fieldName}) {&#10;        return this.${service.fieldName}.updateById(${entity.fieldName});&#10;    }&#10;&#10;    @DeleteMapping(&quot;/{${entity.pk.fieldName}}&quot;)&#10;    @ApiOperation(&quot;${entity.desc}删除&quot;)&#10;    public Boolean delete(@PathVariable @ApiParam(&quot;${entity.pk.desc}&quot;) ${entity.pk.className} ${entity.pk.fieldName}) {&#10;        return this.${service.fieldName}.removeById(${entity.pk.fieldName});&#10;    }&#10;}&#10;" />
              <option name="entity" value="package ${entity.packageName};&#10;&#10;import com.baomidou.mybatisplus.annotation.TableField;&#10;import com.baomidou.mybatisplus.annotation.TableId;&#10;import com.baomidou.mybatisplus.annotation.TableName;&#10;import io.swagger.annotations.ApiModel;&#10;import io.swagger.annotations.ApiModelProperty;&#10;import lombok.AccessLevel;&#10;import lombok.Data;&#10;import lombok.experimental.FieldDefaults;&#10;#if(${entity.imports})&#10;${entity.imports}&#10;#end&#10;&#10;/**&#10; * ${entity.desc}实体&#10; * @author $author&#10; * @date $date&#10; */&#10;@Data&#10;@FieldDefaults(level = AccessLevel.PRIVATE)&#10;@TableName(&quot;${entity.tableName}&quot;)&#10;@ApiModel&#10;public class ${entity.className} {&#10;#foreach($f in $entity.fields)&#10;#if (${f.primaryKey})&#10;    @TableId(&quot;${f.columnName}&quot;)&#10;#else&#10;    @TableField(&quot;${f.columnName}&quot;)&#10;#end&#10;    @ApiModelProperty(&quot;${f.desc}&quot;)&#10;    ${f.className} ${f.fieldName};&#10;#end&#10;}&#10;" />
              <option name="mapper" value="package ${mapper.packageName};&#10;&#10;import com.baomidou.mybatisplus.core.mapper.BaseMapper;&#10;${mapper.imports}&#10;&#10;/**&#10; * ${entity.desc}mapper&#10; * @author $author&#10; * @date $date&#10; */&#10;public interface ${mapper.className} extends BaseMapper&lt;${entity.className}&gt; {&#10;}&#10;" />
              <option name="mapperXml" value="&lt;?xml version=&quot;1.0&quot; encoding=&quot;UTF-8&quot;?&gt;&#10;&lt;!DOCTYPE mapper PUBLIC &quot;-//mybatis.org//DTD Mapper 3.0//EN&quot; &quot;http://mybatis.org/dtd/mybatis-3-mapper.dtd&quot;&gt;&#10;&lt;mapper namespace=&quot;${mapper.fullClassName}&quot;&gt;&#10;&lt;/mapper&gt;&#10;" />
              <option name="service" value="package ${service.packageName};&#10;&#10;import com.baomidou.mybatisplus.extension.service.impl.ServiceImpl;&#10;import org.springframework.stereotype.Service;&#10;${service.imports}&#10;&#10;/**&#10; * ${entity.desc}服务&#10; * @author $author&#10; * @date $date&#10; */&#10;@Service&#10;public class ${service.className} extends ServiceImpl&lt;${mapper.className}, ${entity.className}&gt; {&#10;}&#10;" />
              <option name="useServiceImpl" value="false" />
            </DetailPo>
          </option>
          <option name="name" value="Mybatis Plus Service" />
          <option name="url" value="https://gitee.com/PasseRR/idea-passerr-plugin/raw/3.0.3/src/main/resources/generator/service/template.json" />
        </TemplatePo>
        <TemplatePo>
          <option name="detail">
            <DetailPo>
              <option name="controller" value="package ${controller.packageName};&#10;&#10;import io.swagger.annotations.Api;&#10;import io.swagger.annotations.ApiOperation;&#10;import io.swagger.annotations.ApiParam;&#10;import lombok.AccessLevel;&#10;import lombok.RequiredArgsConstructor;&#10;import lombok.experimental.FieldDefaults;&#10;import org.springframework.web.bind.annotation.DeleteMapping;&#10;import org.springframework.web.bind.annotation.PathVariable;&#10;import org.springframework.web.bind.annotation.PostMapping;&#10;import org.springframework.web.bind.annotation.PutMapping;&#10;import org.springframework.web.bind.annotation.RequestBody;&#10;import org.springframework.web.bind.annotation.RequestMapping;&#10;import org.springframework.web.bind.annotation.RestController;&#10;${controller.imports}&#10;&#10;/**&#10; * ${entity.desc}rest接口&#10; * @author $author&#10; * @date $date&#10; */&#10;@RequestMapping(&quot;/${entity.kebabName}&quot;)&#10;@RestController&#10;@FieldDefaults(level = AccessLevel.PRIVATE, makeFinal = true)&#10;@RequiredArgsConstructor&#10;@Api(tags = &quot;${entity.desc}管理&quot;)&#10;public class ${controller.className} {&#10;    ${service.className} ${service.fieldName};&#10;    &#10;    @PostMapping&#10;    @ApiOperation(&quot;${entity.desc}添加&quot;)&#10;    public Boolean add(@RequestBody ${entity.className} ${entity.fieldName}) {&#10;        return this.${service.fieldName}.save(${entity.fieldName});&#10;    }&#10;&#10;    @PutMapping&#10;    @ApiOperation(&quot;${entity.desc}修改&quot;)&#10;    public Boolean update(@RequestBody ${entity.className} ${entity.fieldName}) {&#10;        return this.${service.fieldName}.updateById(${entity.fieldName});&#10;    }&#10;&#10;    @DeleteMapping(&quot;/{${entity.pk.fieldName}}&quot;)&#10;    @ApiOperation(&quot;${entity.desc}删除&quot;)&#10;    public Boolean delete(@PathVariable @ApiParam(&quot;${entity.pk.desc}&quot;) ${entity.pk.className} ${entity.pk.fieldName}) {&#10;        return this.${service.fieldName}.removeById(${entity.pk.fieldName});&#10;    }&#10;}&#10;" />
              <option name="entity" value="package ${entity.packageName};&#10;&#10;import com.baomidou.mybatisplus.annotation.TableField;&#10;import com.baomidou.mybatisplus.annotation.TableId;&#10;import com.baomidou.mybatisplus.annotation.TableName;&#10;import io.swagger.annotations.ApiModel;&#10;import io.swagger.annotations.ApiModelProperty;&#10;import lombok.AccessLevel;&#10;import lombok.Data;&#10;import lombok.experimental.FieldDefaults;&#10;#if(${entity.imports})&#10;${entity.imports}&#10;#end&#10;&#10;/**&#10; * ${entity.desc}实体&#10; * @author $author&#10; * @date $date&#10; */&#10;@Data&#10;@FieldDefaults(level = AccessLevel.PRIVATE)&#10;@TableName(&quot;${entity.tableName}&quot;)&#10;@ApiModel&#10;public class ${entity.className} {&#10;#foreach($f in $entity.fields)&#10;#if (${f.primaryKey})&#10;    @TableId(&quot;${f.columnName}&quot;)&#10;#else&#10;    @TableField(&quot;${f.columnName}&quot;)&#10;#end&#10;    @ApiModelProperty(&quot;${f.desc}&quot;)&#10;    ${f.className} ${f.fieldName};&#10;#end&#10;}&#10;" />
              <option name="mapper" value="package ${mapper.packageName};&#10;&#10;import com.baomidou.mybatisplus.core.mapper.BaseMapper;&#10;${mapper.imports}&#10;&#10;/**&#10; * ${entity.desc}mapper&#10; * @author $author&#10; * @date $date&#10; */&#10;public interface ${mapper.className} extends BaseMapper&lt;${entity.className}&gt; {&#10;}&#10;" />
              <option name="mapperXml" value="&lt;?xml version=&quot;1.0&quot; encoding=&quot;UTF-8&quot;?&gt;&#10;&lt;!DOCTYPE mapper PUBLIC &quot;-//mybatis.org//DTD Mapper 3.0//EN&quot; &quot;http://mybatis.org/dtd/mybatis-3-mapper.dtd&quot;&gt;&#10;&lt;mapper namespace=&quot;${mapper.fullClassName}&quot;&gt;&#10;&lt;/mapper&gt;&#10;" />
              <option name="service" value="package ${service.packageName};&#10;&#10;import com.baomidou.mybatisplus.extension.service.IService;&#10;${service.imports}&#10;&#10;/**&#10; * ${entity.desc}服务&#10; * @author $author&#10; * @date $date&#10; */&#10;public interface ${service.className} extends IService&lt;${entity.className}&gt; {&#10;}&#10;" />
              <option name="serviceImpl" value="package ${serviceImpl.packageName};&#10;&#10;import com.baomidou.mybatisplus.extension.service.impl.ServiceImpl;&#10;import org.springframework.stereotype.Service;&#10;${serviceImpl.imports}&#10;&#10;/**&#10; * ${entity.desc}服务实现&#10; * @author $author&#10; * @date $date&#10; */&#10;@Service&#10;public class ${serviceImpl.className} extends ServiceImpl&lt;${mapper.className}, ${entity.className}&gt; implements ${service.className} {&#10;}&#10;" />
            </DetailPo>
          </option>
          <option name="name" value="Mybatis Plus Service With Impl" />
          <option name="url" value="https://gitee.com/PasseRR/idea-passerr-plugin/raw/3.0.3/src/main/resources/generator/service-impl/template.json" />
        </TemplatePo>
      </list>
    </templates>
  </component>
</application>