<application>
  <component name="ActionMacroManager">
    <macro name="&lt;noname&gt;">
      <action id="EditorLineEnd" />
      <action id="EditorLineEnd" />
      <action id="EditorBackSpace" />
      <action id="EditorLineEnd" />
      <action id="EditorLineEnd" />
      <action id="EditorLeft" />
      <action id="EditorLeft" />
      <action id="EditorLeft" />
      <action id="EditorLeft" />
      <action id="EditorLeft" />
      <action id="EditorLeft" />
      <action id="EditorRight" />
      <shortuct text="CAPS_LOCK" />
      <typing text-keycode="46:0">.</typing>
      <action id="EditorLineEnd" />
      <action id="EditorLeft" />
      <action id="EditorLeft" />
      <action id="EditorLeft" />
      <action id="EditorLeft" />
      <action id="EditorLeft" />
      <action id="EditorLeft" />
      <action id="EditorLeft" />
      <action id="EditorLeft" />
      <action id="EditorLeft" />
      <action id="EditorLeft" />
      <action id="EditorLeft" />
      <action id="EditorLeft" />
      <action id="EditorLeft" />
      <action id="EditorLeft" />
      <action id="EditorLeft" />
      <action id="EditorLeft" />
      <action id="EditorLeft" />
      <shortuct text="CAPS_LOCK" />
      <action id="EditorLineEnd" />
      <action id="EditorLeft" />
    </macro>
  </component>
</application>