<application>
  <component name="ProjectManager">
    <defaultProject>
      <component name="ProjectInspectionProfilesVisibleTreeState">
        <entry key="Project Default">
          <profile-state>
            <expanded-state>
              <State />
            </expanded-state>
            <selected-state>
              <State>
                <id>Angular</id>
              </State>
            </selected-state>
          </profile-state>
        </entry>
      </component>
      <component name="PropertiesComponent">{}</component>
      <component name="VagrantProjectSettings">
        <option name="instanceFolder" value="" />
        <option name="provider" value="" />
      </component>
      <component name="VcsDirectoryMappings" defaultProject="true" />
      <component name="com.zxy.ijplugin.zApiForSpring.settings.module.ProjectSettings">
        <option name="enableSupport" value="ENABLE" />
      </component>
    </defaultProject>
  </component>
</application>